lemma,unique_candidates,pos,lemma_freq,base_freq
Substanz,substieren,VVINF,13852,0
Relevanz,relevieren,VVINF,4942,0
Akzeptanz,akzeptieren,VVINF,7866,10183
Resonanz,resonieren,VVINF,7096,0
Varianz,variieren,VVINF,455,1935
Allianz,alliieren,VVINF,7206,0
Toleranz,tolerieren,VVINF,15546,964
Bilanz,bilieren,VVINF,10433,0
Dominanz,dominieren,VVINF,2322,831
Tanz,tieren,VVINF,14314,0
Instanz,instieren,VVINF,7746,0
Konkordanz,konkordieren,VVINF,194,0
Intoleranz,intolerieren,VVINF,1234,0
Arroganz,arrogieren,VVINF,2332,0
Vorinstanz,vorinstieren,VVINF,3087,0
Vakanz,vakieren,VVINF,280,0
Kranz,krieren,VVINF,1596,0
Finanz,finieren,VVINF,10722,0
Ignoranz,ignorieren,VVINF,2265,4325
Intendanz,intendieren,VVINF,177,31
Stepptanz,stepptieren,VVINF,66,0
Assekuranz,assekurieren,VVINF,242,0
Ambulanz,ambulieren,VVINF,1046,0
Brillanz,brillieren,VVINF,553,152
Diskrepanz,diskrepieren,VVINF,1577,0
Redundanz,redundieren,VVINF,622,0
Steptanz,steptieren,VVINF,35,0
Glanz,glieren,VVINF,6156,0
Distanz,distieren,VVINF,11237,0
Kulanz,kulieren,VVINF,1020,0
Protuberanz,protuberieren,VVINF,78,0
Brisanz,brisieren,VVINF,1029,0
Rasanz,rasieren,VVINF,119,532
Performanz,performieren,VVINF,259,0
Hochglanz,hochglieren,VVINF,730,0
Konstanz,konstieren,VVINF,910,0
Schwanz,schwieren,VVINF,5251,0
Prägnanz,prägnieren,VVINF,183,0
Auswärtsbilanz,auswärtsbilieren,VVINF,62,0
Repräsentanz,repräsentieren,VVINF,474,806
Observanz,observieren,VVINF,60,58
Abglanz,abglieren,VVINF,158,0
Markanz,markieren,VVINF,13,2480
Taenz,taieren,VVINF,0,0
Militanz,militieren,VVINF,120,0
Hospitanz,hospitieren,VVINF,55,89
Dissonanz,dissonieren,VVINF,454,0
Firlefanz,firlefieren,VVINF,361,0
Extravaganz,extravagieren,VVINF,241,0
Monstranz,monstrieren,VVINF,158,0
Popanz,popieren,VVINF,121,0
Nichtakzeptanz,nichtakzeptieren,VVINF,28,0
Signifikanz,signifikieren,VVINF,306,0
Bonnfinanz,bonnfinieren,VVINF,8,0
Assonanz,assonieren,VVINF,38,0
Penetranz,penetrieren,VVINF,117,66
Larmoyanz,larmoyieren,VVINF,63,0
Mummenschanz,mummenschieren,VVINF,64,0
Veitstanz,veitstieren,VVINF,48,0
Addanz,addieren,VVINF,0,450
Ordonnanz,ordonnieren,VVINF,43,0
Devianz,deviieren,VVINF,67,0
Abundanz,abundieren,VVINF,29,0
Ursubstanz,ursubstieren,VVINF,41,0
Christanz,christieren,VVINF,2,0
Unterrepräsentanz,unterrepräsentieren,VVINF,51,0
Selbstakzeptanz,selbstakzeptieren,VVINF,117,0
Pferdeschwanz,pferdeschwieren,VVINF,396,0
Bausubstanz,bausubstieren,VVINF,1435,0
Affentanz,affentieren,VVINF,28,0
Bioresonanz,bioresonieren,VVINF,225,0
Stimulanz,stimulieren,VVINF,75,483
Unterbilanz,unterbilieren,VVINF,17,0
Eichenkranz,eichenkrieren,VVINF,38,0
Stanze,staieren,VVINF,302,0
Auftanz,auftieren,VVINF,6,0
Alternanz,alternieren,VVINF,7,10
Zwischenbilanz,zwischenbilieren,VVINF,838,0
Wissenschaftsallianz,wissenschaftsalliieren,VVINF,14,0
Vigilanz,vigilieren,VVINF,22,0
Irrelevanz,irrelevieren,VVINF,85,0
Bauchtanz,bauchtieren,VVINF,430,0
Kontrollinstanz,kontrollinstieren,VVINF,255,0
Konsonanz,konsonieren,VVINF,57,0
Halbfranz,halbfrieren,VVINF,16,0
Rollstuhltanz,rollstuhltieren,VVINF,7,0
Rosenkranz,rosenkrieren,VVINF,892,0
Maskentanz,maskentieren,VVINF,23,0
Mauerkranz,mauerkrieren,VVINF,8,0
Binnendistanz,binnendistieren,VVINF,0,0
Altbausubstanz,altbausubstieren,VVINF,55,0
Negativbilanz,negativbilieren,VVINF,16,0
Eleganz,elegieren,VVINF,3161,0
Ringelschwanz,ringelschwieren,VVINF,16,0
Freudentanz,freudentieren,VVINF,127,0
Kontratanz,kontratieren,VVINF,1,0
Ultradistanz,ultradistieren,VVINF,6,0
Determinanz,determinieren,VVINF,0,26
Rebellenallianz,rebellenalliieren,VVINF,19,0
Subtanz,subtieren,VVINF,2,0
Stocktanz,stocktieren,VVINF,13,0
Nebendistanz,nebendistieren,VVINF,0,0
Mitteldistanz,mitteldistieren,VVINF,181,0
Narrentanz,narrentieren,VVINF,2,0
Folkloretanz,folkloretieren,VVINF,31,0
Rattenschwanz,rattenschwieren,VVINF,198,0
Hexentanz,hexentieren,VVINF,51,0
Katzengoldsternenkranz,katzengoldsternenkrieren,VVINF,0,0
Nichtignoranz,nichtignorieren,VVINF,0,0
Unterinstanz,unterinstieren,VVINF,1,0
Interfinanz,interfinieren,VVINF,0,0
Kommunalfinanz,kommunalfinieren,VVINF,150,0
Unterdistanz,unterdistieren,VVINF,15,0
Maximaldistanz,maximaldistieren,VVINF,4,0
Binnenbilanz,binnenbilieren,VVINF,0,0
Erstsubstanz,erstsubstieren,VVINF,1,0
Scherbentanz,scherbentieren,VVINF,4,0
Ewigkeitsglanz,ewigkeitsglieren,VVINF,0,0
Multiinstanz,multiinstieren,VVINF,14,0
Transparanz,transparieren,VVINF,8,0
Urtanz,urtieren,VVINF,0,0
Hochfinanz,hochfinieren,VVINF,177,0
Superdominanz,superdominieren,VVINF,0,0
Nachglanz,nachglieren,VVINF,3,0
Oberinstanz,oberinstieren,VVINF,2,0
Straßentanz,straßentieren,VVINF,3,0
Turniertanz,turniertieren,VVINF,37,0
Diskordanz,diskordieren,VVINF,10,0
Kontravarianz,kontravariieren,VVINF,0,0
Totentanz,totentieren,VVINF,283,0
Stummelschwanz,stummelschwieren,VVINF,23,0
Ausdruckstanz,ausdruckstieren,VVINF,93,0
Blumenkranz,blumenkrieren,VVINF,76,0
Adventskranz,adventskrieren,VVINF,467,0
Erstinstanz,erstinstieren,VVINF,15,0
Hypervigilanz,hypervigilieren,VVINF,9,0
